{"Lang": "Counter-3", "Train Lengths": [3, 150], "Train Depths": [1, 50], "Train Size": 1000, "Val Bin-0 Lengths": [3, 150], "Val Bin-0 Depths": [1, 50], "Val Bin-0 Size": 50, "Val Bin-1 Lengths": [153, 300], "Val Bin-1 Depths": [51, 100], "Val Bin-1 Size": 50, "Val Bin-2 Lengths": [300, 450], "Val Bin-2 Depths": [100, 150], "Val Bin-2 Size": 51, "Val Bin-3 Lengths": [450, 600], "Val Bin-3 Depths": [150, 200], "Val Bin-3 Size": 51, "Val Bin-4 Lengths": [600, 750], "Val Bin-4 Depths": [200, 250], "Val Bin-4 Size": 51, "Val Bin-5 Lengths": [750, 900], "Val Bin-5 Depths": [250, 300], "Val Bin-5 Size": 51}